invoice_id,customer_id,product,quantity,price,sale_date
1,CUST001,Beauty,3,50,2023-11-24
2,CUST002,Clothing,2,500,2023-02-27
3,CUST003,Electronics,1,30,2023-01-13
4,CUST004,Clothing,1,500,2023-05-21
5,CUST005,Beauty,2,50,2023-05-06
6,CUST006,Beauty,1,30,2023-04-25
7,CUST007,Clothing,2,25,2023-03-13
8,CUST008,Electronics,4,25,2023-02-22
9,CUST009,Electronics,2,300,2023-12-13
10,CUST010,Clothing,4,50,2023-10-07
11,CUST011,Clothing,2,50,2023-02-14
12,CUST012,Beauty,3,25,2023-10-30
13,CUST013,Electronics,3,500,2023-08-05
14,CUST014,Clothing,4,30,2023-01-17
15,CUST015,Electronics,4,500,2023-01-16
16,CUST016,Clothing,3,500,2023-02-17
17,CUST017,Clothing,4,25,2023-04-22
18,CUST018,Electronics,2,25,2023-04-30
19,CUST019,Clothing,2,25,2023-09-16
20,CUST020,Clothing,3,300,2023-11-05
21,CUST021,Beauty,1,500,2023-01-14
22,CUST022,Clothing,2,50,2023-10-15
23,CUST023,Clothing,4,30,2023-04-12
24,CUST024,Clothing,1,300,2023-11-29
25,CUST025,Beauty,1,50,2023-12-26
26,CUST026,Electronics,2,500,2023-10-07
27,CUST027,Beauty,2,25,2023-08-03
28,CUST028,Beauty,1,500,2023-04-23
29,CUST029,Electronics,1,30,2023-08-18
30,CUST030,Beauty,3,300,2023-10-29
31,CUST031,Electronics,4,300,2023-05-23
32,CUST032,Beauty,3,30,2023-01-04
33,CUST033,Electronics,2,50,2023-03-23
34,CUST034,Clothing,3,50,2023-12-24
35,CUST035,Beauty,3,300,2023-08-05
36,CUST036,Beauty,3,300,2023-06-24
37,CUST037,Beauty,3,25,2023-05-23
38,CUST038,Beauty,4,50,2023-03-21
39,CUST039,Clothing,4,30,2023-04-21
40,CUST040,Beauty,1,50,2023-06-22
41,CUST041,Clothing,2,25,2023-02-22
42,CUST042,Clothing,3,300,2023-02-17
43,CUST043,Clothing,1,300,2023-07-14
44,CUST044,Clothing,1,25,2023-02-19
45,CUST045,Electronics,1,30,2023-07-03
46,CUST046,Electronics,4,300,2023-06-26
47,CUST047,Beauty,3,500,2023-11-06
48,CUST048,Electronics,3,300,2023-05-16
49,CUST049,Electronics,2,500,2023-01-23
50,CUST050,Beauty,3,25,2023-08-24
51,CUST051,Beauty,3,25,2023-10-02
52,CUST052,Beauty,1,300,2023-03-05
53,CUST053,Electronics,2,50,2023-07-13
54,CUST054,Electronics,3,500,2023-02-10
55,CUST055,Beauty,4,30,2023-10-10
56,CUST056,Clothing,3,300,2023-05-31
57,CUST057,Beauty,1,30,2023-11-18
58,CUST058,Clothing,4,300,2023-11-13
59,CUST059,Clothing,1,50,2023-07-05
60,CUST060,Beauty,3,50,2023-10-23
61,CUST061,Beauty,4,50,2023-04-09
62,CUST062,Beauty,2,50,2023-12-27
63,CUST063,Electronics,2,25,2023-02-05
64,CUST064,Clothing,4,25,2023-01-24
65,CUST065,Electronics,4,500,2023-12-05
66,CUST066,Electronics,1,30,2023-04-27
67,CUST067,Beauty,4,300,2023-05-29
68,CUST068,Electronics,1,300,2023-02-10
69,CUST069,Beauty,3,25,2023-04-30
70,CUST070,Clothing,1,300,2023-02-21
71,CUST071,Beauty,4,25,2023-07-14
72,CUST072,Electronics,4,500,2023-05-23
73,CUST073,Electronics,3,30,2023-08-21
74,CUST074,Beauty,4,500,2023-11-22
75,CUST075,Beauty,4,50,2023-07-06
76,CUST076,Electronics,2,50,2023-03-25
77,CUST077,Clothing,2,50,2023-07-09
78,CUST078,Clothing,3,500,2023-07-01
79,CUST079,Beauty,1,300,2023-04-18
80,CUST080,Clothing,2,30,2023-12-10
81,CUST081,Electronics,1,50,2023-05-17
82,CUST082,Beauty,4,50,2023-12-26
83,CUST083,Electronics,2,50,2023-12-16
84,CUST084,Electronics,3,30,2023-11-28
85,CUST085,Clothing,3,50,2023-02-06
86,CUST086,Beauty,3,30,2023-11-08
87,CUST087,Beauty,2,50,2023-11-22
88,CUST088,Clothing,1,500,2023-03-29
89,CUST089,Electronics,4,500,2023-10-01
90,CUST090,Electronics,1,30,2023-05-06
91,CUST091,Electronics,1,500,2023-03-25
92,CUST092,Electronics,4,30,2023-08-25
93,CUST093,Beauty,4,500,2023-07-14
94,CUST094,Beauty,2,500,2023-05-19
95,CUST095,Clothing,2,30,2023-11-24
96,CUST096,Clothing,2,300,2023-12-19
97,CUST097,Beauty,2,500,2023-10-13
98,CUST098,Beauty,2,50,2023-04-23
99,CUST099,Electronics,4,300,2023-12-17
100,CUST100,Electronics,1,30,2023-06-16
101,CUST101,Clothing,2,300,2023-01-29
102,CUST102,Beauty,2,25,2023-04-28
103,CUST103,Clothing,1,25,2023-01-17
104,CUST104,Beauty,2,500,2023-06-11
105,CUST105,Electronics,1,500,2023-07-25
106,CUST106,Clothing,1,50,2023-05-18
107,CUST107,Clothing,4,300,2023-02-03
108,CUST108,Beauty,3,25,2023-04-19
109,CUST109,Electronics,4,500,2023-10-18
110,CUST110,Clothing,3,300,2023-06-11
111,CUST111,Electronics,3,500,2023-04-19
112,CUST112,Clothing,3,500,2023-12-02
113,CUST113,Electronics,2,25,2023-09-13
114,CUST114,Beauty,4,25,2023-07-22
115,CUST115,Clothing,3,500,2023-11-26
116,CUST116,Clothing,1,30,2023-08-23
117,CUST117,Electronics,2,500,2023-03-15
118,CUST118,Electronics,4,500,2023-05-16
119,CUST119,Clothing,3,50,2023-03-13
120,CUST120,Beauty,1,50,2023-05-07
121,CUST121,Electronics,4,50,2023-10-15
122,CUST122,Electronics,4,30,2023-10-03
123,CUST123,Electronics,2,30,2023-05-15
124,CUST124,Clothing,4,500,2023-10-27
125,CUST125,Clothing,2,50,2023-08-08
126,CUST126,Clothing,3,30,2023-10-26
127,CUST127,Clothing,2,25,2023-07-24
128,CUST128,Beauty,1,500,2023-07-05
129,CUST129,Beauty,2,300,2023-04-23
130,CUST130,Clothing,1,500,2023-03-12
131,CUST131,Beauty,2,300,2023-09-18
132,CUST132,Electronics,4,50,2023-09-10
133,CUST133,Electronics,3,300,2023-02-16
134,CUST134,Electronics,1,50,2023-01-25
135,CUST135,Clothing,2,25,2023-02-26
136,CUST136,Electronics,2,300,2023-03-20
137,CUST137,Beauty,2,500,2023-11-18
138,CUST138,Clothing,4,50,2023-03-23
139,CUST139,Beauty,4,500,2023-12-15
140,CUST140,Electronics,1,30,2023-08-05
141,CUST141,Electronics,1,50,2023-11-02
142,CUST142,Electronics,4,300,2023-02-02
143,CUST143,Clothing,1,50,2023-07-17
144,CUST144,Beauty,3,500,2023-07-15
145,CUST145,Clothing,3,25,2023-11-02
146,CUST146,Clothing,4,50,2023-08-28
147,CUST147,Electronics,1,300,2023-09-28
148,CUST148,Clothing,2,30,2023-05-09
149,CUST149,Clothing,3,25,2023-10-11
150,CUST150,Electronics,4,30,2023-01-06
151,CUST151,Clothing,1,50,2023-12-15
152,CUST152,Electronics,4,500,2023-02-28
153,CUST153,Electronics,2,500,2023-12-16
154,CUST154,Electronics,3,300,2023-10-02
155,CUST155,Electronics,4,500,2023-05-17
156,CUST156,Clothing,4,25,2023-11-25
157,CUST157,Electronics,4,500,2023-06-24
158,CUST158,Electronics,2,300,2023-02-27
159,CUST159,Clothing,4,50,2023-05-31
160,CUST160,Clothing,2,50,2023-08-11
161,CUST161,Beauty,2,500,2023-03-22
162,CUST162,Clothing,2,30,2023-08-21
163,CUST163,Clothing,3,50,2023-01-02
164,CUST164,Beauty,3,500,2023-05-15
165,CUST165,Clothing,4,300,2023-09-14
166,CUST166,Clothing,4,500,2023-04-02
167,CUST167,Clothing,3,50,2023-09-17
168,CUST168,Clothing,1,300,2023-02-24
169,CUST169,Beauty,3,500,2023-11-17
170,CUST170,Clothing,2,25,2023-06-02
171,CUST171,Clothing,3,300,2023-11-24
172,CUST172,Beauty,2,25,2023-09-17
173,CUST173,Electronics,4,30,2023-11-08
174,CUST174,Beauty,1,300,2023-04-12
175,CUST175,Electronics,4,25,2023-03-20
176,CUST176,Beauty,2,50,2023-07-11
177,CUST177,Beauty,2,50,2023-03-24
178,CUST178,Clothing,2,30,2023-10-04
179,CUST179,Electronics,1,300,2023-09-29
180,CUST180,Clothing,3,300,2023-01-01
181,CUST181,Electronics,4,300,2023-11-03
182,CUST182,Beauty,4,30,2023-06-15
183,CUST183,Beauty,3,300,2023-09-08
184,CUST184,Electronics,4,50,2023-01-10
185,CUST185,Clothing,1,25,2023-02-27
186,CUST186,Clothing,4,50,2023-07-05
187,CUST187,Clothing,2,50,2023-06-07
188,CUST188,Clothing,3,25,2023-05-03
189,CUST189,Beauty,1,50,2023-01-30
190,CUST190,Beauty,3,30,2023-05-04
191,CUST191,Beauty,1,25,2023-10-18
192,CUST192,Beauty,2,50,2023-02-10
193,CUST193,Beauty,3,500,2023-02-13
194,CUST194,Clothing,4,50,2023-09-06
195,CUST195,Clothing,1,30,2023-02-05
196,CUST196,Clothing,3,300,2023-09-30
197,CUST197,Clothing,4,50,2023-03-06
198,CUST198,Beauty,3,300,2023-03-07
199,CUST199,Beauty,3,500,2023-12-04
200,CUST200,Beauty,3,50,2023-09-01
201,CUST201,Electronics,1,25,2023-10-09
202,CUST202,Clothing,4,300,2023-03-26
203,CUST203,Clothing,2,500,2023-05-16
204,CUST204,Beauty,1,25,2023-09-28
205,CUST205,Clothing,1,25,2023-11-07
206,CUST206,Clothing,1,25,2023-08-05
207,CUST207,Beauty,2,25,2023-04-19
208,CUST208,Electronics,4,50,2023-10-04
209,CUST209,Electronics,4,50,2023-12-20
210,CUST210,Electronics,4,50,2023-04-13
211,CUST211,Beauty,3,500,2024-01-01
212,CUST212,Clothing,3,500,2023-06-09
213,CUST213,Beauty,3,500,2023-07-24
214,CUST214,Beauty,2,30,2023-12-10
215,CUST215,Clothing,3,500,2023-11-29
216,CUST216,Electronics,2,50,2023-07-11
217,CUST217,Electronics,4,50,2023-08-13
218,CUST218,Beauty,3,30,2023-09-22
219,CUST219,Electronics,3,30,2023-08-20
220,CUST220,Beauty,1,500,2023-03-03
221,CUST221,Beauty,2,300,2023-05-07
222,CUST222,Clothing,4,30,2023-04-26
223,CUST223,Clothing,1,25,2023-02-02
224,CUST224,Clothing,1,50,2023-06-23
225,CUST225,Beauty,4,25,2023-01-11
226,CUST226,Clothing,1,50,2023-10-29
227,CUST227,Electronics,2,50,2023-10-11
228,CUST228,Electronics,2,30,2023-04-28
229,CUST229,Beauty,3,30,2023-10-29
230,CUST230,Beauty,1,25,2023-04-23
231,CUST231,Clothing,3,50,2023-01-04
232,CUST232,Beauty,1,25,2023-02-06
233,CUST233,Beauty,2,300,2023-12-29
234,CUST234,Electronics,2,25,2023-11-20
235,CUST235,Electronics,2,500,2023-01-31
236,CUST236,Clothing,1,25,2023-04-28
237,CUST237,Beauty,2,500,2023-02-04
238,CUST238,Beauty,1,500,2023-01-17
239,CUST239,Electronics,3,500,2023-06-19
240,CUST240,Beauty,1,300,2023-02-06
241,CUST241,Electronics,3,25,2023-09-21
242,CUST242,Clothing,1,25,2023-05-02
243,CUST243,Electronics,3,300,2023-05-23
244,CUST244,Beauty,2,50,2023-12-09
245,CUST245,Clothing,3,30,2023-09-06
246,CUST246,Electronics,2,25,2023-04-20
247,CUST247,Electronics,2,30,2023-10-04
248,CUST248,Clothing,3,300,2023-03-09
249,CUST249,Clothing,1,50,2023-10-20
250,CUST250,Electronics,1,50,2023-10-23
251,CUST251,Beauty,4,50,2023-08-31
252,CUST252,Electronics,1,300,2023-05-05
253,CUST253,Clothing,4,500,2023-08-31
254,CUST254,Electronics,1,500,2023-07-28
255,CUST255,Clothing,1,30,2023-04-08
256,CUST256,Clothing,2,500,2023-02-18
257,CUST257,Beauty,4,500,2023-02-19
258,CUST258,Clothing,1,50,2023-12-04
259,CUST259,Clothing,4,50,2023-08-09
260,CUST260,Beauty,2,30,2023-07-01
261,CUST261,Clothing,2,25,2023-08-05
262,CUST262,Beauty,4,30,2023-07-30
263,CUST263,Beauty,2,30,2023-08-28
264,CUST264,Clothing,3,300,2023-01-28
265,CUST265,Clothing,3,300,2023-12-11
266,CUST266,Electronics,2,30,2023-12-01
267,CUST267,Beauty,3,30,2023-11-27
268,CUST268,Electronics,1,30,2023-02-20
269,CUST269,Clothing,4,500,2023-02-01
270,CUST270,Electronics,1,300,2023-07-26
271,CUST271,Beauty,4,30,2023-06-23
272,CUST272,Electronics,2,50,2023-02-25
273,CUST273,Beauty,1,50,2023-05-08
274,CUST274,Clothing,2,500,2023-04-09
275,CUST275,Clothing,2,500,2023-04-08
276,CUST276,Beauty,4,25,2023-10-02
277,CUST277,Clothing,4,25,2023-08-18
278,CUST278,Clothing,4,25,2023-03-13
279,CUST279,Clothing,1,500,2023-08-05
280,CUST280,Clothing,3,500,2023-04-04
281,CUST281,Beauty,4,500,2023-05-23
282,CUST282,Electronics,4,50,2023-08-25
283,CUST283,Electronics,1,500,2023-05-08
284,CUST284,Clothing,4,50,2023-02-08
285,CUST285,Electronics,1,25,2023-08-15
286,CUST286,Electronics,2,25,2023-10-09
287,CUST287,Clothing,4,25,2023-02-20
288,CUST288,Clothing,4,30,2023-01-26
289,CUST289,Electronics,2,30,2023-11-30
290,CUST290,Beauty,2,300,2023-10-04
291,CUST291,Clothing,2,300,2023-01-08
292,CUST292,Beauty,4,300,2023-02-17
293,CUST293,Electronics,3,30,2023-05-02
294,CUST294,Clothing,3,30,2023-03-27
295,CUST295,Beauty,3,300,2023-07-28
296,CUST296,Clothing,4,300,2023-09-06
297,CUST297,Electronics,2,500,2023-09-04
298,CUST298,Beauty,4,300,2023-04-20
299,CUST299,Electronics,2,500,2023-07-25
300,CUST300,Electronics,4,50,2023-01-31
301,CUST301,Clothing,4,30,2023-03-26
302,CUST302,Beauty,2,300,2023-07-14
303,CUST303,Electronics,3,30,2023-01-02
304,CUST304,Electronics,2,30,2023-07-19
305,CUST305,Beauty,1,30,2023-05-16
306,CUST306,Electronics,1,50,2023-08-21
307,CUST307,Electronics,2,25,2023-05-27
308,CUST308,Beauty,4,300,2023-08-05
309,CUST309,Beauty,1,25,2023-12-23
310,CUST310,Beauty,1,25,2023-10-12
311,CUST311,Beauty,4,25,2023-12-05
312,CUST312,Clothing,4,30,2023-09-07
313,CUST313,Beauty,3,500,2023-03-21
314,CUST314,Clothing,4,30,2023-04-08
315,CUST315,Clothing,2,30,2023-06-01
316,CUST316,Clothing,2,25,2023-04-22
317,CUST317,Electronics,3,30,2023-01-30
318,CUST318,Clothing,1,25,2023-10-24
319,CUST319,Clothing,1,500,2023-10-05
320,CUST320,Electronics,4,300,2023-02-01
321,CUST321,Electronics,2,25,2023-06-10
322,CUST322,Electronics,1,500,2023-01-30
323,CUST323,Beauty,3,300,2023-01-26
324,CUST324,Electronics,3,50,2023-10-27
325,CUST325,Electronics,2,25,2023-09-02
326,CUST326,Clothing,3,25,2023-09-15
327,CUST327,Electronics,3,50,2023-09-29
328,CUST328,Beauty,2,50,2023-03-22
329,CUST329,Electronics,4,25,2023-01-30
330,CUST330,Beauty,4,50,2023-09-18
331,CUST331,Electronics,3,30,2023-02-11
332,CUST332,Electronics,4,300,2023-04-06
333,CUST333,Electronics,4,300,2023-02-05
334,CUST334,Electronics,3,300,2023-11-01
335,CUST335,Beauty,4,30,2023-02-04
336,CUST336,Beauty,3,50,2023-12-12
337,CUST337,Clothing,1,500,2023-05-01
338,CUST338,Beauty,2,50,2023-07-26
339,CUST339,Electronics,2,25,2023-03-03
340,CUST340,Clothing,4,300,2023-10-19
341,CUST341,Clothing,4,50,2023-05-07
342,CUST342,Clothing,4,500,2023-10-24
343,CUST343,Electronics,2,25,2023-11-01
344,CUST344,Beauty,1,30,2023-01-21
345,CUST345,Electronics,1,30,2023-11-14
346,CUST346,Clothing,2,500,2023-02-11
347,CUST347,Electronics,1,25,2023-08-03
348,CUST348,Electronics,2,300,2023-12-03
349,CUST349,Beauty,1,50,2023-10-26
350,CUST350,Beauty,3,25,2023-10-17
351,CUST351,Clothing,3,30,2023-09-25
352,CUST352,Electronics,2,500,2023-06-11
353,CUST353,Electronics,1,500,2023-05-14
354,CUST354,Beauty,4,50,2023-04-15
355,CUST355,Electronics,1,500,2023-12-09
356,CUST356,Electronics,3,500,2023-06-10
357,CUST357,Electronics,3,25,2023-05-03
358,CUST358,Beauty,1,300,2023-05-16
359,CUST359,Clothing,1,50,2023-07-22
360,CUST360,Clothing,4,25,2023-03-09
361,CUST361,Electronics,4,300,2023-12-10
362,CUST362,Clothing,1,25,2023-11-27
363,CUST363,Beauty,1,25,2023-06-03
364,CUST364,Beauty,1,500,2023-08-23
365,CUST365,Clothing,1,300,2023-06-11
366,CUST366,Clothing,2,50,2023-02-07
367,CUST367,Electronics,1,50,2023-01-05
368,CUST368,Clothing,4,300,2023-08-23
369,CUST369,Electronics,3,500,2023-11-15
370,CUST370,Electronics,2,30,2023-10-16
371,CUST371,Beauty,1,25,2023-02-21
372,CUST372,Beauty,3,500,2023-02-07
373,CUST373,Beauty,2,300,2023-10-03
374,CUST374,Beauty,3,25,2023-04-20
375,CUST375,Clothing,1,50,2023-09-17
376,CUST376,Beauty,1,30,2023-05-16
377,CUST377,Clothing,4,50,2023-03-09
378,CUST378,Beauty,1,300,2023-06-28
379,CUST379,Clothing,1,25,2023-02-05
380,CUST380,Electronics,2,300,2023-05-06
381,CUST381,Clothing,4,25,2023-07-09
382,CUST382,Clothing,2,500,2023-05-26
383,CUST383,Beauty,3,30,2023-03-22
384,CUST384,Clothing,1,500,2023-08-13
385,CUST385,Electronics,3,500,2023-10-06
386,CUST386,Electronics,2,300,2023-12-27
387,CUST387,Beauty,1,30,2023-06-04
388,CUST388,Electronics,1,25,2023-11-10
389,CUST389,Clothing,2,25,2023-12-01
390,CUST390,Electronics,2,50,2023-09-28
391,CUST391,Beauty,2,25,2023-01-05
392,CUST392,Clothing,2,300,2023-12-08
393,CUST393,Beauty,2,500,2023-10-11
394,CUST394,Clothing,1,500,2023-06-03
395,CUST395,Electronics,2,500,2023-12-06
396,CUST396,Beauty,1,30,2023-02-23
397,CUST397,Beauty,1,25,2023-03-10
398,CUST398,Clothing,2,300,2023-05-16
399,CUST399,Beauty,2,30,2023-03-01
400,CUST400,Clothing,4,50,2023-02-24
401,CUST401,Clothing,1,300,2023-10-11
402,CUST402,Clothing,2,300,2023-03-21
403,CUST403,Clothing,2,300,2023-05-20
404,CUST404,Electronics,2,500,2023-05-25
405,CUST405,Clothing,4,300,2023-11-06
406,CUST406,Beauty,4,25,2023-04-18
407,CUST407,Electronics,3,300,2023-06-25
408,CUST408,Beauty,1,500,2023-04-15
409,CUST409,Electronics,3,300,2023-12-18
410,CUST410,Clothing,2,50,2023-11-21
411,CUST411,Electronics,4,50,2023-05-16
412,CUST412,Electronics,4,500,2023-09-16
413,CUST413,Beauty,3,25,2023-09-08
414,CUST414,Beauty,4,25,2023-05-09
415,CUST415,Clothing,2,30,2023-01-27
416,CUST416,Electronics,4,500,2023-02-17
417,CUST417,Electronics,3,300,2023-11-21
418,CUST418,Electronics,2,500,2023-08-05
419,CUST419,Clothing,3,30,2023-05-22
420,CUST420,Clothing,4,500,2023-01-23
421,CUST421,Clothing,3,500,2023-01-02
422,CUST422,Clothing,3,30,2023-06-20
423,CUST423,Clothing,1,25,2023-03-08
424,CUST424,Beauty,4,300,2023-11-23
425,CUST425,Electronics,4,30,2023-05-15
426,CUST426,Electronics,3,50,2023-03-24
427,CUST427,Electronics,1,25,2023-08-15
428,CUST428,Electronics,4,50,2023-10-10
429,CUST429,Electronics,2,25,2023-12-28
430,CUST430,Electronics,3,300,2023-08-07
431,CUST431,Electronics,4,300,2023-10-15
432,CUST432,Electronics,2,500,2023-01-05
433,CUST433,Beauty,4,50,2023-02-27
434,CUST434,Electronics,2,25,2023-02-08
435,CUST435,Beauty,3,300,2023-12-20
436,CUST436,Clothing,4,30,2023-03-18
437,CUST437,Electronics,4,300,2023-10-07
438,CUST438,Clothing,1,30,2023-01-19
439,CUST439,Clothing,3,25,2023-07-09
440,CUST440,Clothing,2,300,2023-10-26
441,CUST441,Beauty,4,300,2023-10-10
442,CUST442,Clothing,4,25,2023-03-17
443,CUST443,Clothing,2,300,2023-08-09
444,CUST444,Clothing,3,30,2023-03-07
445,CUST445,Electronics,1,300,2023-01-22
446,CUST446,Electronics,1,50,2023-06-07
447,CUST447,Beauty,4,500,2023-07-06
448,CUST448,Beauty,2,30,2023-01-21
449,CUST449,Electronics,4,50,2023-07-03
450,CUST450,Beauty,2,25,2023-04-18
451,CUST451,Electronics,1,30,2023-12-16
452,CUST452,Clothing,3,500,2023-05-08
453,CUST453,Clothing,2,500,2023-12-08
454,CUST454,Beauty,1,25,2023-02-22
455,CUST455,Electronics,4,25,2023-07-01
456,CUST456,Electronics,2,30,2023-10-14
457,CUST457,Beauty,3,300,2023-07-28
458,CUST458,Electronics,4,25,2023-11-14
459,CUST459,Clothing,4,300,2023-03-21
460,CUST460,Beauty,1,50,2023-05-02
461,CUST461,Beauty,2,500,2023-03-25
462,CUST462,Electronics,4,300,2023-04-01
463,CUST463,Beauty,3,500,2023-07-31
464,CUST464,Electronics,2,300,2023-01-13
465,CUST465,Electronics,3,50,2023-04-02
466,CUST466,Electronics,4,25,2023-06-20
467,CUST467,Electronics,3,50,2023-07-30
468,CUST468,Electronics,1,25,2023-12-09
469,CUST469,Beauty,3,25,2023-05-08
470,CUST470,Clothing,2,500,2023-05-17
471,CUST471,Clothing,3,50,2023-03-23
472,CUST472,Beauty,3,300,2023-12-26
473,CUST473,Beauty,1,50,2023-02-25
474,CUST474,Clothing,3,500,2023-07-15
475,CUST475,Clothing,3,25,2023-01-20
476,CUST476,Clothing,4,500,2023-08-29
477,CUST477,Clothing,4,30,2023-04-24
478,CUST478,Clothing,2,30,2023-04-13
479,CUST479,Electronics,4,300,2023-08-24
480,CUST480,Beauty,4,500,2023-06-29
481,CUST481,Electronics,4,300,2023-06-06
482,CUST482,Clothing,4,300,2023-04-27
483,CUST483,Clothing,1,30,2023-04-25
484,CUST484,Clothing,4,300,2023-01-13
485,CUST485,Electronics,1,30,2023-12-04
486,CUST486,Electronics,1,25,2023-04-09
487,CUST487,Clothing,4,500,2023-07-24
488,CUST488,Electronics,3,300,2023-06-18
489,CUST489,Electronics,1,30,2023-05-23
490,CUST490,Clothing,3,50,2023-02-05
491,CUST491,Electronics,3,300,2023-05-23
492,CUST492,Beauty,4,25,2023-06-29
493,CUST493,Beauty,2,25,2023-11-25
494,CUST494,Beauty,4,50,2023-09-18
495,CUST495,Beauty,2,30,2023-07-24
496,CUST496,Clothing,2,300,2023-12-14
497,CUST497,Clothing,4,30,2023-10-02
498,CUST498,Clothing,4,25,2023-06-19
499,CUST499,Beauty,2,30,2023-01-15
500,CUST500,Beauty,4,25,2023-03-01
501,CUST501,Electronics,2,30,2023-05-14
502,CUST502,Electronics,3,50,2023-04-02
503,CUST503,Beauty,4,500,2023-10-25
504,CUST504,Beauty,3,50,2023-05-16
505,CUST505,Beauty,1,50,2023-01-20
506,CUST506,Beauty,3,500,2023-02-25
507,CUST507,Electronics,3,500,2023-11-02
508,CUST508,Beauty,2,300,2023-08-11
509,CUST509,Electronics,3,300,2023-06-26
510,CUST510,Beauty,4,50,2023-06-10
511,CUST511,Beauty,2,50,2023-08-12
512,CUST512,Beauty,1,25,2023-11-07
513,CUST513,Electronics,4,25,2023-09-19
514,CUST514,Electronics,1,300,2023-03-01
515,CUST515,Clothing,3,300,2023-07-17
516,CUST516,Beauty,4,25,2023-10-23
517,CUST517,Clothing,4,25,2023-04-08
518,CUST518,Clothing,1,30,2023-05-11
519,CUST519,Electronics,4,30,2023-01-23
520,CUST520,Electronics,4,25,2023-12-29
521,CUST521,Clothing,4,30,2023-08-12
522,CUST522,Beauty,3,500,2023-01-01
523,CUST523,Electronics,1,300,2023-09-24
524,CUST524,Beauty,4,300,2023-10-03
525,CUST525,Beauty,2,25,2023-12-18
526,CUST526,Clothing,2,50,2023-12-10
527,CUST527,Clothing,2,25,2023-04-11
528,CUST528,Clothing,2,30,2023-07-06
529,CUST529,Clothing,3,50,2023-08-09
530,CUST530,Electronics,4,30,2023-02-05
531,CUST531,Electronics,1,500,2023-12-07
532,CUST532,Clothing,4,30,2023-06-19
533,CUST533,Electronics,3,500,2023-11-16
534,CUST534,Clothing,2,500,2023-06-10
535,CUST535,Beauty,3,30,2023-12-06
536,CUST536,Beauty,4,30,2023-03-05
537,CUST537,Beauty,1,500,2023-06-03
538,CUST538,Clothing,3,50,2023-09-17
539,CUST539,Beauty,1,500,2023-06-08
540,CUST540,Electronics,3,300,2023-12-08
541,CUST541,Beauty,1,500,2023-07-29
542,CUST542,Beauty,1,50,2023-06-17
543,CUST543,Beauty,2,300,2023-07-26
544,CUST544,Electronics,1,25,2023-12-23
545,CUST545,Clothing,2,25,2023-06-01
546,CUST546,Electronics,4,50,2023-10-11
547,CUST547,Clothing,4,500,2023-03-07
548,CUST548,Clothing,2,30,2023-04-09
549,CUST549,Beauty,2,50,2023-08-04
550,CUST550,Clothing,3,300,2023-12-07
551,CUST551,Electronics,3,300,2023-07-14
552,CUST552,Electronics,3,25,2023-12-13
553,CUST553,Clothing,4,300,2023-03-31
554,CUST554,Beauty,3,50,2023-11-12
555,CUST555,Beauty,1,300,2023-10-19
556,CUST556,Electronics,1,50,2023-06-04
557,CUST557,Beauty,3,30,2023-07-27
558,CUST558,Clothing,1,25,2023-10-08
559,CUST559,Clothing,4,300,2023-01-01
560,CUST560,Electronics,1,50,2023-06-05
561,CUST561,Clothing,4,500,2023-05-27
562,CUST562,Electronics,2,25,2023-04-18
563,CUST563,Clothing,2,30,2023-08-09
564,CUST564,Electronics,2,50,2023-10-24
565,CUST565,Beauty,2,30,2023-11-07
566,CUST566,Clothing,1,30,2023-12-02
567,CUST567,Clothing,3,300,2023-06-14
568,CUST568,Electronics,1,300,2023-08-27
569,CUST569,Electronics,4,50,2023-08-15
570,CUST570,Clothing,1,500,2023-08-15
571,CUST571,Electronics,1,50,2023-12-12
572,CUST572,Clothing,4,500,2023-04-20
573,CUST573,Beauty,2,30,2023-09-19
574,CUST574,Electronics,2,25,2023-08-31
575,CUST575,Clothing,2,50,2023-03-28
576,CUST576,Beauty,3,50,2023-12-04
577,CUST577,Beauty,4,500,2023-02-13
578,CUST578,Clothing,4,30,2023-05-26
579,CUST579,Electronics,1,30,2023-09-21
580,CUST580,Clothing,3,500,2023-12-06
581,CUST581,Beauty,2,30,2023-11-21
582,CUST582,Clothing,3,300,2023-11-14
583,CUST583,Electronics,4,25,2023-06-21
584,CUST584,Beauty,4,50,2023-02-17
585,CUST585,Clothing,1,25,2023-05-01
586,CUST586,Electronics,1,50,2023-12-11
587,CUST587,Beauty,4,300,2023-06-08
588,CUST588,Electronics,2,30,2023-04-26
589,CUST589,Beauty,2,500,2023-04-12
590,CUST590,Clothing,3,300,2023-03-17
591,CUST591,Electronics,4,25,2023-01-13
592,CUST592,Beauty,4,500,2023-01-24
593,CUST593,Electronics,2,30,2023-05-06
594,CUST594,Electronics,2,300,2023-09-01
595,CUST595,Clothing,4,500,2023-11-09
596,CUST596,Electronics,1,300,2023-02-07
597,CUST597,Beauty,4,300,2023-08-22
598,CUST598,Beauty,4,30,2023-08-01
599,CUST599,Beauty,2,50,2023-11-19
600,CUST600,Beauty,2,500,2023-10-22
601,CUST601,Clothing,1,30,2023-04-10
602,CUST602,Electronics,1,300,2023-12-23
603,CUST603,Clothing,3,30,2023-07-16
604,CUST604,Electronics,4,50,2023-09-11
605,CUST605,Electronics,2,500,2023-07-24
606,CUST606,Electronics,1,50,2023-05-05
607,CUST607,Clothing,3,25,2023-03-17
608,CUST608,Electronics,3,500,2023-12-02
609,CUST609,Clothing,2,50,2023-12-19
610,CUST610,Beauty,2,300,2023-01-03
611,CUST611,Beauty,3,500,2023-02-24
612,CUST612,Electronics,1,500,2023-08-06
613,CUST613,Clothing,3,30,2023-04-23
614,CUST614,Beauty,4,300,2023-04-01
615,CUST615,Clothing,4,25,2023-12-23
616,CUST616,Clothing,2,50,2023-09-23
617,CUST617,Electronics,1,30,2023-08-26
618,CUST618,Beauty,1,50,2023-01-26
619,CUST619,Electronics,4,25,2023-10-13
620,CUST620,Electronics,3,25,2023-05-08
621,CUST621,Beauty,2,500,2023-03-04
622,CUST622,Beauty,3,25,2023-08-22
623,CUST623,Clothing,3,50,2023-03-10
624,CUST624,Beauty,3,300,2023-08-26
625,CUST625,Clothing,1,300,2023-12-08
626,CUST626,Clothing,4,500,2023-09-29
627,CUST627,Clothing,1,50,2023-10-14
628,CUST628,Beauty,4,50,2023-11-01
629,CUST629,Electronics,2,25,2023-06-12
630,CUST630,Clothing,2,50,2023-08-15
631,CUST631,Electronics,3,30,2023-11-10
632,CUST632,Electronics,4,25,2023-09-16
633,CUST633,Beauty,4,30,2023-08-07
634,CUST634,Electronics,4,500,2023-10-08
635,CUST635,Electronics,3,300,2023-08-17
636,CUST636,Beauty,3,500,2023-03-23
637,CUST637,Clothing,2,300,2023-09-01
638,CUST638,Electronics,1,500,2023-08-19
639,CUST639,Beauty,4,50,2023-05-13
640,CUST640,Electronics,4,30,2023-05-07
641,CUST641,Electronics,1,300,2023-11-23
642,CUST642,Clothing,4,25,2023-05-22
643,CUST643,Electronics,3,30,2023-09-24
644,CUST644,Beauty,3,25,2023-09-06
645,CUST645,Electronics,4,30,2023-11-17
646,CUST646,Clothing,3,30,2023-05-03
647,CUST647,Clothing,3,500,2023-05-21
648,CUST648,Beauty,4,300,2023-08-14
649,CUST649,Clothing,2,300,2023-02-09
650,CUST650,Electronics,1,30,2024-01-01
651,CUST651,Clothing,3,50,2023-05-27
652,CUST652,Beauty,2,50,2023-05-01
653,CUST653,Clothing,3,25,2023-05-20
654,CUST654,Clothing,3,25,2023-06-21
655,CUST655,Clothing,1,500,2023-06-13
656,CUST656,Beauty,3,30,2023-10-04
657,CUST657,Clothing,1,25,2023-02-11
658,CUST658,Clothing,1,25,2023-03-12
659,CUST659,Electronics,1,30,2023-03-19
660,CUST660,Beauty,2,500,2023-04-29
661,CUST661,Clothing,4,25,2023-07-16
662,CUST662,Beauty,2,500,2023-12-22
663,CUST663,Clothing,4,300,2023-03-20
664,CUST664,Clothing,4,500,2023-12-28
665,CUST665,Clothing,1,50,2023-04-20
666,CUST666,Electronics,3,50,2023-02-02
667,CUST667,Electronics,1,500,2023-08-01
668,CUST668,Electronics,3,50,2023-07-28
669,CUST669,Beauty,4,300,2023-06-19
670,CUST670,Beauty,1,30,2023-10-05
671,CUST671,Electronics,3,50,2023-08-27
672,CUST672,Beauty,2,50,2023-08-01
673,CUST673,Clothing,3,500,2023-02-01
674,CUST674,Clothing,1,300,2023-04-16
675,CUST675,Clothing,2,30,2023-08-04
676,CUST676,Electronics,3,500,2023-07-19
677,CUST677,Beauty,3,500,2023-10-27
678,CUST678,Electronics,3,300,2023-12-23
679,CUST679,Beauty,3,30,2023-01-11
680,CUST680,Clothing,3,300,2023-10-22
681,CUST681,Electronics,2,30,2023-07-14
682,CUST682,Beauty,4,300,2023-09-02
683,CUST683,Beauty,2,500,2023-01-04
684,CUST684,Clothing,2,500,2023-06-30
685,CUST685,Electronics,2,25,2023-06-02
686,CUST686,Electronics,4,50,2023-07-19
687,CUST687,Electronics,1,300,2023-08-03
688,CUST688,Clothing,4,25,2023-10-03
689,CUST689,Electronics,2,50,2023-10-07
690,CUST690,Clothing,3,300,2023-11-05
691,CUST691,Clothing,3,30,2023-04-23
692,CUST692,Clothing,2,50,2023-09-07
693,CUST693,Beauty,3,500,2023-04-23
694,CUST694,Electronics,2,25,2023-05-20
695,CUST695,Electronics,3,50,2023-08-12
696,CUST696,Clothing,4,50,2023-09-06
697,CUST697,Clothing,1,500,2023-01-15
698,CUST698,Electronics,1,300,2023-07-19
699,CUST699,Clothing,4,30,2023-06-22
700,CUST700,Electronics,4,500,2023-12-09
701,CUST701,Beauty,2,30,2023-12-14
702,CUST702,Clothing,2,300,2023-07-27
703,CUST703,Electronics,2,50,2023-03-26
704,CUST704,Clothing,3,30,2023-08-28
705,CUST705,Electronics,2,25,2023-03-07
706,CUST706,Electronics,4,25,2023-11-15
707,CUST707,Clothing,1,500,2023-10-01
708,CUST708,Beauty,3,300,2023-01-14
709,CUST709,Electronics,2,500,2023-07-21
710,CUST710,Electronics,3,500,2023-10-31
711,CUST711,Electronics,3,500,2023-10-16
712,CUST712,Beauty,2,25,2023-12-06
713,CUST713,Beauty,3,25,2023-01-14
714,CUST714,Clothing,1,500,2023-02-12
715,CUST715,Beauty,4,25,2023-11-26
716,CUST716,Clothing,4,300,2023-08-08
717,CUST717,Clothing,1,500,2023-03-11
718,CUST718,Beauty,3,25,2023-08-25
719,CUST719,Clothing,2,30,2023-04-04
720,CUST720,Beauty,3,500,2023-01-26
721,CUST721,Clothing,1,500,2023-05-14
722,CUST722,Beauty,3,300,2023-07-14
723,CUST723,Beauty,4,50,2023-06-17
724,CUST724,Clothing,3,50,2023-04-19
725,CUST725,Electronics,1,300,2023-08-21
726,CUST726,Clothing,4,300,2023-06-17
727,CUST727,Beauty,3,300,2023-06-22
728,CUST728,Electronics,3,50,2023-07-14
729,CUST729,Clothing,4,300,2023-05-23
730,CUST730,Clothing,2,25,2023-08-04
731,CUST731,Clothing,4,500,2023-05-10
732,CUST732,Electronics,2,500,2023-02-11
733,CUST733,Beauty,1,30,2023-08-29
734,CUST734,Clothing,1,30,2023-01-10
735,CUST735,Clothing,4,500,2023-10-04
736,CUST736,Clothing,4,25,2023-01-27
737,CUST737,Clothing,1,50,2023-06-29
738,CUST738,Clothing,2,50,2023-04-25
739,CUST739,Beauty,1,25,2023-11-29
740,CUST740,Beauty,4,50,2023-02-05
741,CUST741,Clothing,1,300,2023-11-30
742,CUST742,Electronics,4,500,2023-01-21
743,CUST743,Beauty,4,500,2023-01-16
744,CUST744,Electronics,1,25,2023-05-07
745,CUST745,Beauty,2,50,2023-04-13
746,CUST746,Clothing,3,30,2023-01-11
747,CUST747,Beauty,1,30,2023-11-15
748,CUST748,Clothing,3,50,2023-03-20
749,CUST749,Beauty,1,30,2023-05-03
750,CUST750,Clothing,3,25,2023-03-06
751,CUST751,Clothing,2,25,2023-08-31
752,CUST752,Clothing,2,50,2023-12-09
753,CUST753,Clothing,1,30,2023-02-28
754,CUST754,Electronics,4,25,2023-10-16
755,CUST755,Clothing,3,25,2023-04-22
756,CUST756,Electronics,4,300,2023-08-27
757,CUST757,Electronics,4,300,2023-12-25
758,CUST758,Clothing,4,25,2023-05-12
759,CUST759,Electronics,2,50,2023-07-08
760,CUST760,Beauty,1,500,2023-03-27
761,CUST761,Clothing,1,500,2023-11-07
762,CUST762,Electronics,2,25,2023-11-07
763,CUST763,Clothing,2,25,2023-02-28
764,CUST764,Clothing,1,25,2023-03-25
765,CUST765,Clothing,4,50,2023-06-09
766,CUST766,Electronics,3,300,2023-02-25
767,CUST767,Beauty,3,25,2023-10-24
768,CUST768,Beauty,3,25,2023-01-14
769,CUST769,Electronics,4,30,2023-06-09
770,CUST770,Clothing,1,50,2023-10-22
771,CUST771,Electronics,2,25,2023-12-13
772,CUST772,Electronics,1,30,2023-07-12
773,CUST773,Electronics,4,500,2023-07-23
774,CUST774,Clothing,2,25,2023-04-12
775,CUST775,Electronics,4,25,2023-02-08
776,CUST776,Clothing,3,30,2023-10-31
777,CUST777,Electronics,3,50,2023-12-20
778,CUST778,Beauty,4,25,2023-11-18
779,CUST779,Electronics,2,500,2023-05-05
780,CUST780,Electronics,2,25,2023-02-22
781,CUST781,Beauty,1,500,2023-12-23
782,CUST782,Clothing,3,300,2023-06-04
783,CUST783,Clothing,1,300,2023-12-17
784,CUST784,Electronics,1,500,2023-11-04
785,CUST785,Beauty,4,50,2023-03-03
786,CUST786,Clothing,4,25,2023-10-17
787,CUST787,Electronics,1,25,2023-01-22
788,CUST788,Beauty,3,300,2023-06-27
789,CUST789,Clothing,4,500,2023-09-30
790,CUST790,Clothing,1,25,2023-08-08
791,CUST791,Beauty,1,25,2023-12-05
792,CUST792,Beauty,1,50,2023-07-09
793,CUST793,Beauty,1,30,2023-02-05
794,CUST794,Beauty,1,300,2023-09-17
795,CUST795,Electronics,1,300,2023-11-28
796,CUST796,Beauty,4,30,2023-06-24
797,CUST797,Clothing,3,25,2023-01-07
798,CUST798,Clothing,1,50,2023-08-04
799,CUST799,Electronics,2,50,2023-09-08
800,CUST800,Clothing,4,300,2023-02-24
801,CUST801,Clothing,4,50,2023-08-10
802,CUST802,Beauty,1,30,2023-07-05
803,CUST803,Clothing,4,25,2023-11-22
804,CUST804,Electronics,1,30,2023-08-24
805,CUST805,Beauty,3,500,2023-12-29
806,CUST806,Beauty,3,300,2023-03-20
807,CUST807,Electronics,4,50,2023-08-11
808,CUST808,Beauty,4,500,2023-04-01
809,CUST809,Beauty,2,50,2023-09-25
810,CUST810,Electronics,4,25,2023-11-30
811,CUST811,Beauty,2,25,2023-05-19
812,CUST812,Electronics,3,25,2023-11-12
813,CUST813,Electronics,3,50,2023-10-03
814,CUST814,Clothing,1,500,2023-09-05
815,CUST815,Clothing,3,25,2023-08-27
816,CUST816,Beauty,2,500,2023-08-12
817,CUST817,Beauty,4,50,2023-10-31
818,CUST818,Electronics,1,500,2023-05-18
819,CUST819,Beauty,2,50,2023-06-15
820,CUST820,Electronics,4,50,2023-05-06
821,CUST821,Electronics,1,300,2023-02-14
822,CUST822,Beauty,3,50,2023-05-23
823,CUST823,Electronics,2,50,2023-08-19
824,CUST824,Clothing,4,30,2023-05-05
825,CUST825,Beauty,1,25,2023-08-26
826,CUST826,Clothing,1,300,2023-10-19
827,CUST827,Beauty,3,300,2023-11-09
828,CUST828,Electronics,4,300,2023-12-09
829,CUST829,Beauty,3,30,2023-07-14
830,CUST830,Clothing,3,50,2023-06-22
831,CUST831,Electronics,4,25,2023-01-15
832,CUST832,Beauty,4,500,2023-09-11
833,CUST833,Beauty,4,50,2023-06-16
834,CUST834,Beauty,2,30,2023-04-04
835,CUST835,Clothing,4,50,2023-09-07
836,CUST836,Clothing,1,50,2023-04-19
837,CUST837,Beauty,3,30,2023-07-01
838,CUST838,Electronics,2,300,2023-05-13
839,CUST839,Electronics,4,300,2023-06-24
840,CUST840,Clothing,2,25,2023-05-24
841,CUST841,Electronics,4,25,2023-11-02
842,CUST842,Clothing,2,300,2023-12-26
843,CUST843,Beauty,3,500,2023-05-22
844,CUST844,Clothing,3,50,2023-10-12
845,CUST845,Clothing,1,500,2023-01-06
846,CUST846,Beauty,1,50,2023-09-22
847,CUST847,Electronics,4,300,2023-04-08
848,CUST848,Clothing,3,25,2023-02-13
849,CUST849,Clothing,2,25,2023-05-04
850,CUST850,Beauty,2,500,2023-07-28
851,CUST851,Electronics,2,25,2023-09-08
852,CUST852,Clothing,1,300,2023-10-12
853,CUST853,Beauty,2,500,2023-05-04
854,CUST854,Clothing,1,50,2023-12-20
855,CUST855,Beauty,1,25,2023-09-01
856,CUST856,Electronics,4,30,2023-11-27
857,CUST857,Electronics,2,25,2023-12-31
858,CUST858,Electronics,2,50,2023-09-09
859,CUST859,Electronics,3,500,2023-08-18
860,CUST860,Clothing,4,50,2023-01-09
861,CUST861,Clothing,3,30,2023-02-17
862,CUST862,Electronics,4,300,2023-05-31
863,CUST863,Electronics,2,25,2023-04-24
864,CUST864,Electronics,1,500,2023-07-27
865,CUST865,Clothing,1,300,2023-12-21
866,CUST866,Electronics,1,50,2023-05-05
867,CUST867,Electronics,1,500,2023-06-06
868,CUST868,Electronics,1,300,2023-12-06
869,CUST869,Beauty,3,500,2023-10-25
870,CUST870,Electronics,4,30,2023-07-08
871,CUST871,Beauty,2,30,2023-08-31
872,CUST872,Beauty,3,25,2023-10-11
873,CUST873,Electronics,4,25,2023-09-29
874,CUST874,Beauty,1,30,2023-06-26
875,CUST875,Electronics,4,500,2023-08-06
876,CUST876,Clothing,4,30,2023-10-09
877,CUST877,Clothing,1,25,2023-06-19
878,CUST878,Clothing,1,30,2023-06-30
879,CUST879,Clothing,1,30,2023-12-26
880,CUST880,Beauty,2,500,2023-08-21
881,CUST881,Electronics,1,300,2023-05-19
882,CUST882,Electronics,2,25,2023-06-06
883,CUST883,Electronics,1,500,2023-05-09
884,CUST884,Clothing,2,30,2023-04-29
885,CUST885,Clothing,4,30,2023-03-03
886,CUST886,Electronics,3,300,2023-04-09
887,CUST887,Clothing,4,25,2023-06-11
888,CUST888,Electronics,4,25,2023-03-03
889,CUST889,Electronics,1,50,2023-10-02
890,CUST890,Electronics,2,25,2023-12-20
891,CUST891,Electronics,3,300,2023-04-05
892,CUST892,Electronics,1,50,2023-04-09
893,CUST893,Electronics,1,50,2023-04-21
894,CUST894,Electronics,1,30,2023-09-05
895,CUST895,Clothing,4,30,2023-05-22
896,CUST896,Electronics,2,25,2023-10-29
897,CUST897,Electronics,2,50,2023-09-26
898,CUST898,Clothing,3,30,2023-11-02
899,CUST899,Clothing,2,300,2023-05-25
900,CUST900,Clothing,2,30,2023-02-21
901,CUST901,Electronics,1,30,2023-04-10
902,CUST902,Beauty,1,50,2023-06-01
903,CUST903,Beauty,4,50,2023-04-27
904,CUST904,Clothing,1,500,2023-07-04
905,CUST905,Beauty,1,300,2023-04-02
906,CUST906,Clothing,1,50,2023-06-04
907,CUST907,Electronics,1,25,2023-01-08
908,CUST908,Beauty,4,300,2023-12-29
909,CUST909,Electronics,1,300,2023-10-01
910,CUST910,Beauty,3,50,2023-03-06
911,CUST911,Electronics,3,300,2023-05-21
912,CUST912,Beauty,3,50,2023-01-24
913,CUST913,Electronics,3,30,2023-01-28
914,CUST914,Electronics,1,500,2023-10-11
915,CUST915,Beauty,3,30,2023-05-30
916,CUST916,Electronics,1,50,2023-12-24
917,CUST917,Electronics,4,50,2023-03-06
918,CUST918,Electronics,3,30,2023-11-23
919,CUST919,Beauty,2,25,2023-09-09
920,CUST920,Beauty,3,25,2023-02-22
921,CUST921,Electronics,3,25,2023-01-07
922,CUST922,Electronics,1,50,2023-10-21
923,CUST923,Beauty,3,300,2023-05-26
924,CUST924,Beauty,2,50,2023-08-29
925,CUST925,Electronics,1,300,2023-09-03
926,CUST926,Electronics,1,30,2023-08-14
927,CUST927,Electronics,4,500,2023-06-24
928,CUST928,Clothing,4,300,2023-04-05
929,CUST929,Beauty,3,25,2023-01-27
930,CUST930,Clothing,4,50,2023-05-10
931,CUST931,Beauty,4,30,2023-09-02
932,CUST932,Beauty,4,25,2023-02-28
933,CUST933,Beauty,1,30,2023-02-03
934,CUST934,Beauty,1,500,2023-07-25
935,CUST935,Beauty,1,50,2023-09-09
936,CUST936,Beauty,4,50,2023-02-07
937,CUST937,Beauty,1,500,2023-10-23
938,CUST938,Clothing,4,50,2023-11-19
939,CUST939,Electronics,1,300,2023-12-18
940,CUST940,Electronics,1,30,2023-01-28
941,CUST941,Clothing,2,25,2023-03-19
942,CUST942,Clothing,3,500,2023-03-18
943,CUST943,Clothing,4,300,2023-10-16
944,CUST944,Clothing,2,25,2023-06-05
945,CUST945,Beauty,1,25,2023-02-13
946,CUST946,Electronics,4,500,2023-05-08
947,CUST947,Beauty,1,300,2023-03-02
948,CUST948,Electronics,3,25,2023-10-13
949,CUST949,Electronics,2,25,2023-08-02
950,CUST950,Clothing,3,300,2023-11-07
951,CUST951,Beauty,2,50,2023-11-02
952,CUST952,Clothing,1,25,2023-11-13
953,CUST953,Beauty,3,30,2023-04-26
954,CUST954,Electronics,3,300,2023-09-25
955,CUST955,Clothing,1,25,2023-07-14
956,CUST956,Clothing,3,500,2023-08-19
957,CUST957,Electronics,4,30,2023-08-15
958,CUST958,Electronics,2,25,2023-06-02
959,CUST959,Electronics,2,30,2023-10-29
960,CUST960,Clothing,2,30,2023-08-08
961,CUST961,Beauty,4,50,2023-06-06
962,CUST962,Clothing,2,30,2023-10-19
963,CUST963,Beauty,1,50,2023-11-14
964,CUST964,Clothing,3,300,2023-01-31
965,CUST965,Clothing,4,50,2023-11-09
966,CUST966,Electronics,2,500,2023-02-20
967,CUST967,Beauty,1,25,2023-04-17
968,CUST968,Clothing,3,300,2023-11-17
969,CUST969,Clothing,3,300,2023-04-19
970,CUST970,Electronics,4,500,2023-05-16
971,CUST971,Electronics,4,50,2023-12-05
972,CUST972,Beauty,4,25,2023-02-11
973,CUST973,Clothing,1,50,2023-03-22
974,CUST974,Beauty,1,30,2023-05-03
975,CUST975,Clothing,4,50,2023-03-30
976,CUST976,Beauty,2,300,2023-10-10
977,CUST977,Electronics,3,25,2023-02-08
978,CUST978,Clothing,3,50,2023-03-22
979,CUST979,Beauty,1,25,2023-01-02
980,CUST980,Electronics,3,25,2023-07-29
981,CUST981,Electronics,2,30,2023-08-19
982,CUST982,Beauty,3,30,2023-12-19
983,CUST983,Clothing,1,300,2023-11-01
984,CUST984,Clothing,1,500,2023-08-29
985,CUST985,Electronics,2,25,2023-05-30
986,CUST986,Clothing,2,500,2023-01-17
987,CUST987,Clothing,3,300,2023-04-29
988,CUST988,Clothing,3,25,2023-05-28
989,CUST989,Electronics,1,25,2023-12-28
990,CUST990,Beauty,2,500,2023-05-25
991,CUST991,Clothing,2,50,2023-12-26
992,CUST992,Electronics,2,30,2023-08-21
993,CUST993,Electronics,3,50,2023-02-06
994,CUST994,Beauty,2,500,2023-12-18
995,CUST995,Clothing,1,30,2023-04-30
996,CUST996,Clothing,1,50,2023-05-16
997,CUST997,Beauty,3,30,2023-11-17
998,CUST998,Beauty,4,25,2023-10-29
999,CUST999,Electronics,3,50,2023-12-05
1000,CUST1000,Electronics,4,30,2023-04-12
